{
  "marcas": [
    {
      "marca": "Toyota",
      "modelos": [
        "Corolla",
        "Yaris",
        "Rav4",
        "Hilux",
        "Land Cruiser Prado",
        "Fortuner",
        "Etios",
        "Auris",
        "Avensis",
        "Corona",
        "4runner",
        "Avanza",
        "Caldina",
        "Camry",
        "Celica",
        "Chaser",
        "Corona",
        "Corsa",
        "Cressida",
        "Highlander",
        "Mark",
        "Prius",
        "Probox",
        "Ractis",
        "Scout",
        "Succeed",
        "Tacoma",
        "Tercel",
        "Tundra",
        "Urban Cruiser",
        "Voxy",
        "Yaris",
        "otro modelo"
      ],
      "id": 1
    },
    {
      "marca": "Kia",
      "modelos": [
        "Cerato",
        "Cerato Hatchback",
        "Sportage",
        "Sorento",
        "Carnival",
        "Soul",
        "Koup",
        "Picato",
        "Picanto Cross",
        "Cadenza",
        "Carens",
        "Mohave",
        "Optima",
        "Rio",
        "Rio Hatchback",
        "Soluto",
        "Stinger",
        "Towner",
        "otro modelo"
      ],
      "id": 2
    },
    {
      "marca": "Nissan",
      "modelos": [
        "X-Trail",
        "Sentra",
        "Versa",
        "Tiida",
        "Qashqai",
        "Frontier",
        "Kicks",
        "March",
        "Almera",
        "Altima",
        "Bluebird",
        "Cube",
        "Juke",
        "Liberty",
        "Maxima",
        "Murano",
        "Navara",
        "Np300",
        "Pathfinder",
        "Patrol",
        "Primera",
        "Pulsar",
        "Silvia",
        "Skyline",
        "Sunny"
      ],
      "id": 3
    },
    {
      "marca": "Hyundai",
      "modelos": [
        "Santa Fe",
        "Elantra",
        "Accent",
        "Tucson",
        "Creta",
        "Sonata",
        "H-1",
        "I20",
        "Atos",
        "Avante",
        "Excel",
        "Galloper",
        "Genesis",
        "Getz",
        "I10",
        "I20",
        "I30",
        "Ioniq",
        "Palisade",
        "Tiburon",
        "Veloster",
        "Venue",
        "Veracruz",
        "Verna"
      ],
      "id": 4
    },
    {
      "marca": "Volkswagen",
      "modelos": [
        "Jetta",
        "Gol",
        "Bora",
        "Amarok",
        "Crossfox",
        "Tiguan",
        "Passat",
        "Amazon",
        "Beetle",
        "Escarabajo",
        "Golf",
        "Polo",
        "T-Cross",
        "Touareg",
        "Transporter",
        "Up",
        "Vento",
        "Virtus",
        "Voyage"
      ],
      "id": 5
    }
  ],
  "categorias": [
    {
      "categoria": "sedan",
      "id": 1
    },
    {
      "categoria": "camioneta-suv",
      "id": 2
    },
    {
      "categoria": "hatchback",
      "id": 3
    },
    {
      "categoria": "deportivo",
      "id": 4
    },
    {
      "categoria": "pick-up",
      "id": 5
    },
    {
      "categoria": "vans",
      "id": 6
    },
    {
      "categoria": "station-wagon",
      "id": 7
    },
    {
      "categoria": "otros",
      "id": 8
    }
  ],
  "vendedores": [
    {
      "nombre": "Diego",
      "Apellido": "Perez",
      "email": "dperez@hotmail.com",
      "contraseña": "123456",
      "dni": "41578512",
      "celular": "995676335",
      "id": 1
    },
    {
      "nombre": "Juan",
      "Apellido": "Gonzales",
      "email": "jgonzales@gmail.com",
      "contraseña": "123456",
      "dni": "08541263",
      "celular": "999456123",
      "id": 2
    },
    {
      "nombre": "Pedro",
      "Apellido": "Gamarra",
      "email": "pgamarra@gmail.com",
      "contraseña": "123456",
      "dni": "08746458",
      "celular": "998546238",
      "id": 3
    },
    {
      "nombre": "Omar",
      "Apellido": "Mendieta",
      "email": "omendieta@gmail.com",
      "contraseña": "123456",
      "dni": "47245622",
      "celular": "997542526",
      "id": 4
    },
    {
      "nombre": "Alberto",
      "Apellido": "Quinteros",
      "email": "aquinteros@gmail.com",
      "contraseña": "123456",
      "dni": "04545627",
      "celular": "995542526",
      "id": 5
    },
    {
      "nombre": "Jordan",
      "Apellido": "Terrazos",
      "email": "jterrazos@tecsup.com",
      "contraseña": "test",
      "dni": "99998888",
      "celular": "999888777",
      "id": 6
    },
    {
      "nombre": "Jordan",
      "Apellido": "castillo",
      "email": "castillo@presidente.com",
      "contraseña": "test",
      "dni": "44448888",
      "celular": "999888777",
      "id": 7
    },
    {
      "nombre": "Peter",
      "Apellido": "Parker",
      "email": "parker@avengers.com",
      "contraseña": "test",
      "dni": "77778888",
      "celular": "999888777",
      "id": 8
    },
    {
      "nombre": "jordan",
      "Apellido": "Parker",
      "email": "ppp@gmail.com",
      "contraseña": "test",
      "dni": "12345678",
      "celular": "999888777",
      "id": 9
    },
    {
      "nombre": "pedro",
      "Apellido": "castillo",
      "email": "castillo@newpresidente.com",
      "contraseña": "test",
      "dni": "44449999",
      "celular": "999888777",
      "id": 10
    },
    {
      "nombre": "pia",
      "Apellido": "maria",
      "email": "maria@gmail.com",
      "contraseña": "test",
      "dni": "88887777",
      "celular": "888999777",
      "id": 11
    }
  ],
  "combustibles": [
    {
      "combustible": "gasolina",
      "id": 1
    },
    {
      "combustible": "diesel",
      "id": 2
    },
    {
      "combustible": "dual-glp",
      "id": 3
    },
    {
      "combustible": "dual-gnv",
      "id": 4
    },
    {
      "combustible": "híbrido",
      "id": 5
    }
  ],
  "transmisiones": [
    {
      "transmision": "mecanica",
      "id": 1
    },
    {
      "transmision": "automatica",
      "id": 2
    }
  ],
  "regiones": [
    {
      "region": "Amazonas",
      "id": 1
    },
    {
      "region": "Ancash",
      "id": 2
    },
    {
      "region": "Apurimac",
      "id": 3
    },
    {
      "region": "Arequipa",
      "id": 4
    },
    {
      "region": "Ayacucho",
      "id": 5
    },
    {
      "region": "Cajamarca",
      "id": 6
    },
    {
      "region": "Callao",
      "id": 7
    },
    {
      "region": "Cusco",
      "id": 8
    },
    {
      "region": "Huancavelica",
      "id": 9
    },
    {
      "region": "Huanuco",
      "id": 10
    },
    {
      "region": "Ica",
      "id": 11
    },
    {
      "region": "Junin",
      "id": 12
    },
    {
      "region": "La Libertad",
      "id": 13
    },
    {
      "region": "Lambayeque",
      "id": 14
    },
    {
      "region": "Lima",
      "id": 15
    },
    {
      "region": "Loreto",
      "id": 16
    },
    {
      "region": "Madre de Dios",
      "id": 17
    },
    {
      "region": "Moquegua",
      "id": 18
    },
    {
      "region": "Pasco",
      "id": 19
    },
    {
      "region": "Piura",
      "id": 20
    },
    {
      "region": "Puno",
      "id": 21
    },
    {
      "region": "San Martin",
      "id": 22
    },
    {
      "region": "Tacna",
      "id": 23
    },
    {
      "region": "Tumbes",
      "id": 24
    },
    {
      "region": "Ucayali",
      "id": 25
    }
  ],
  "ofertas": [
    {
      "idVendedor": 2,
      "descripcion": "Toyota Yaris semi-nuevo, 4 puertas, 1300cc, con aros de aleación, 2 Airbags",
      "idMarca": 1,
      "marca": "Toyota",
      "modelo": "Yaris",
      "categoria": "sedan",
      "añomfabricacion": "2015",
      "añomodelo": "2016",
      "kilometraje": "20000",
      "transmision": "mecánica",
      "combustible": "dual-glp",
      "cilindrada": "1300",
      "numeropuertas": 4,
      "color": "rojo",
      "preciodolares": "10000",
      "autonuevo": false,
      "region": "Lima",
      "photos": [
        "https://cdn.motor1.com/images/mgl/WVLZ6/s1/4x3/lanzamiento-toyota-yaris-2021.webp",
        "https://cde.neoauto.pe/autos_usados/196x164/650434/650434_4851468.jpg?20211126110224"
      ],
      "id": 1
    },
    {
      "idVendedor": 2,
      "descripcion": "Kia Cerato, azul azure, SEDAN Impecable, a gasolina 1.6 lt 4 cilindros 26 HP / 6.300 rpm",
      "idMarca": 2,
      "marca": "Kia",
      "modelo": "Cerato",
      "categoria": "sedan",
      "añomfabricacion": "2018",
      "añomodelo": "2019",
      "kilometraje": "15000",
      "transmision": "automatica",
      "combustible": "dual-gnv",
      "cilindrada": "1600",
      "numeropuertas": 4,
      "color": "azul",
      "preciodolares": "21000",
      "autonuevo": false,
      "region": "Lima",
      "photos": [
        "https://cde.neoauto.pe/autos_usados/800x600/113873/113873_5224061.jpg?20211126110224",
        "https://cde.neoauto.pe/autos_usados/800x600/113873/113873_6546036.jpg?20211126110224"
      ],
      "id": 2
    },
    {
      "idVendedor": 1,
      "descripcion": "Toyota Corolla sedan 1.8cvt año 2019, con 50,739 km, transmision automatica cvt",
      "idMarca": 1,
      "marca": "Toyota",
      "modelo": "Corolla",
      "categoria": "sedan",
      "añomfabricacion": "2017",
      "añomodelo": "2017",
      "kilometraje": "50739",
      "transmision": "automatica",
      "combustible": "gasolina",
      "cilindrada": "1800",
      "numeropuertas": 4,
      "color": "negro",
      "preciodolares": "18000",
      "autonuevo": false,
      "region": "Lima",
      "photos": [
        "https://cde.neoauto.pe/autos_usados/800x600/663163/663163_2246008.jpg?20211130002909",
        "https://cde.neoauto.pe/autos_usados/196x164/663163/663163_7295871.jpg?20211130002909",
        "https://cde.neoauto.pe/autos_usados/196x164/663163/663163_8169825.jpg?20211130002909"
      ],
      "id": 3
    },
    {
      "idVendedor": 1,
      "descripcion": "Hyundai SUV 4x4, vendo por viaje aproveche esta oportunidad, 1.6T 2021, transmision automatica",
      "idMarca": 4,
      "marca": "Hyundai",
      "modelo": "Tucson",
      "categoria": "camioneta-suv",
      "añomfabricacion": "2020",
      "añomodelo": "2021",
      "kilometraje": "1263",
      "transmision": "automatica",
      "combustible": "gasolina",
      "cilindrada": "1.6 T",
      "numeropuertas": 5,
      "color": "azul_pastel",
      "preciodolares": "24000",
      "autonuevo": false,
      "region": "Lima",
      "photos": [
        "https://images.cars.com/cldstatic/wp-content/uploads/hyundai-kona-2022-03-blue-exterior-front-angle-suv-scaled.jpg",
        "https://images.cars.com/cldstatic/wp-content/uploads/hyundai-kona-2022-04-blue-exterior-profile-suv-scaled.jpg",
        "https://images.cars.com/cldstatic/wp-content/uploads/hyundai-kona-2022-02-badge-blue-exterior-front-grille-headlights-suv-scaled.jpg",
        "https://images.cars.com/cldstatic/wp-content/uploads/hyundai-kona-2022-07-badge-blue-exterior-suv-scaled.jpg"
      ],
      "id": 4
    },
    {
      "idVendedor": 2,
      "descripcion": "Nissan Versa, mecanico. GNV, llantas nuevas, pantalla tactil, negro, excelentes condiciones",
      "idMarca": 3,
      "marca": "Nissan",
      "modelo": "Versa",
      "categoria": "sedan",
      "añomfabricacion": "2020",
      "añomodelo": "2019",
      "kilometraje": "27000",
      "transmision": "mecanica",
      "combustible": "dual-gnv",
      "cilindrada": "1600",
      "numeropuertas": 4,
      "color": "negro",
      "preciodolares": "11200",
      "autonuevo": false,
      "region": "Lima",
      "photos": [
        "https://apollo-virginia.akamaized.net/v1/files/erodnpi0mf772-PE/image;s=780x0;q=60",
        "https://apollo-virginia.akamaized.net/v1/files/i64jvnomleai-PE/image;s=780x0;q=60",
        "https://apollo-virginia.akamaized.net/v1/files/upmmg2uw7enm2-PE/image;s=780x0;q=60",
        "https://apollo-virginia.akamaized.net/v1/files/v55rab2hqmuf2-PE/image;s=780x0;q=60"
      ],
      "id": 5
    },
    {
      "idVendedor": 1,
      "descripcion": "VW Passat, 2014 sedan, perfecto Estado, uso particular,, Vendo por Viaje",
      "idMarca": 5,
      "marca": "Volkswagen",
      "modelo": "Passat",
      "categoria": "sedan",
      "añomfabricacion": "2013",
      "añomodelo": "2014",
      "kilometraje": "65200",
      "transmision": "automatica",
      "combustible": "gasolina",
      "cilindrada": "2000cc",
      "numeropuertas": 4,
      "color": "plateado",
      "preciodolares": "8900",
      "autonuevo": false,
      "region": "Lima",
      "photos": [
        "https://apollo-virginia.akamaized.net/v1/files/zr8cd6doe8o21-PE/image;s=780x0;q=60",
        "https://images.cars.com/cldstatic/wp-content/uploads/hyundai-kona-2022-02-badge-blue-exterior-front-grille-headlights-suv-scaled.jpg",
        "https://apollo-virginia.akamaized.net/v1/files/jjgjuik7z6cz2-PE/image;s=780x0;q=60",
        "https://apollo-virginia.akamaized.net/v1/files/xzy7d5ef94r92-PE/image;s=780x0;q=60"
      ],
      "id": 6
    },
    {
      "idVendedor": 2,
      "descripcion": "Hyundai I10 Sedan Full Equipo 2015. Ocasión, impecable como nuevo, único propietario",
      "idMarca": 4,
      "marca": "Hyundai",
      "modelo": "I10",
      "categoria": "sedan",
      "añomfabricacion": "2015",
      "añomodelo": "2016",
      "kilometraje": "44957",
      "transmision": "manual",
      "combustible": "gasolina",
      "cilindrada": "1200cc",
      "numeropuertas": 4,
      "color": "blanco",
      "preciodolares": "9500",
      "autonuevo": false,
      "region": "Lima",
      "photos": [
        "https://http2.mlstatic.com/D_NQ_NP_2X_926176-MPE47906857330_102021-F.webp",
        "https://http2.mlstatic.com/D_NQ_NP_2X_813789-MPE47906864299_102021-F.webp",
        "https://http2.mlstatic.com/D_NQ_NP_2X_603510-MPE47906867243_102021-F.webp",
        "https://http2.mlstatic.com/D_NQ_NP_2X_623552-MPE47906857352_102021-F.webp",
        "https://http2.mlstatic.com/D_NQ_NP_2X_603014-MPE47906846625_102021-F.webp"
      ],
      "id": 7
    },
    {
      "idVendedor": 1,
      "descripcion": "Carro comprado Noviembre 2020. Conserva las etiquetas y envolturas. Precio negociable",
      "idMarca": 4,
      "marca": "Hyundai",
      "modelo": "Venue",
      "categoria": "camioneta-suv",
      "añomfabricacion": "2020",
      "añomodelo": "2020",
      "kilometraje": "3829",
      "transmision": "automatica",
      "combustible": "gasolina",
      "cilindrada": "2400cc",
      "numeropuertas": 5,
      "color": "verde",
      "preciodolares": "19500",
      "autonuevo": false,
      "region": "Lima",
      "photos": [
        "https://http2.mlstatic.com/D_NQ_NP_2X_692351-MPE48345011494_112021-F.webp",
        "https://http2.mlstatic.com/D_NQ_NP_2X_901720-MPE48344956913_112021-F.webp",
        "https://http2.mlstatic.com/D_NQ_NP_2X_789297-MPE48345021508_112021-F.webp",
        "https://http2.mlstatic.com/D_NQ_NP_2X_963142-MPE48344954838_112021-F.webp",
        "https://http2.mlstatic.com/D_NQ_NP_2X_759944-MPE48345074096_112021-F.webp"
      ],
      "id": 8
    },
    {
      "idVendedor": 1,
      "descripcion": "VW Passat 2008 sedan, gris, frenos ABS, parlantes, aire acondicionado, batería nueva",
      "idMarca": 5,
      "marca": "Volkswagen",
      "modelo": "Passat",
      "categoria": "sedan",
      "añomfabricacion": "2008",
      "añomodelo": "2009",
      "kilometraje": "108352",
      "transmision": "automatica",
      "combustible": "gasolina",
      "cilindrada": "2000cc",
      "numeropuertas": 4,
      "color": "plateado",
      "preciodolares": "10000",
      "autonuevo": false,
      "region": "Lima",
      "photos": [
        "https://onecdn.arya.com.pe/appone/vehiculo/4485_4906_24175947_large.png",
        "https://onecdn.arya.com.pe/appone/vehiculo/d3db4ccadd8d95c60e161609a3b1006818ca9f99.png",
        "https://onecdn.arya.com.pe/appone/vehiculo/c3ad79e25673ae39f9f7a7a9b75c3cfff11bcf20.png",
        "https://onecdn.arya.com.pe/appone/vehiculo/d59751cf3874169e55e948761db6e667bb9b905d.png",
        "https://onecdn.arya.com.pe/appone/vehiculo/c56fd4baa936b31ef4d434d4ca59d66488dc81cf.png"
      ],
      "id": 9
    },
    {
      "idVendedor": 2,
      "descripcion": "Toyota GLP Versión Semifull 1.8cc, Aire Acondicionado, cámara retroceso, Bluetooth",
      "idMarca": 1,
      "marca": "Toyota",
      "modelo": "corolla",
      "categoria": "sedan",
      "añomfabricacion": "2011",
      "añomodelo": "2012",
      "kilometraje": "93120",
      "transmision": "mecánica",
      "combustible": "dual-glp",
      "cilindrada": "1800cc",
      "numeropuertas": 4,
      "color": "rojo",
      "preciodolares": "12000",
      "autonuevo": false,
      "region": "Lima",
      "photos": [
        "https://http2.mlstatic.com/D_NQ_NP_2X_933793-MPE48273030858_112021-F.webp",
        "https://http2.mlstatic.com/D_NQ_NP_2X_978001-MPE48273025924_112021-F.webp",
        "https://http2.mlstatic.com/D_NQ_NP_2X_680708-MPE48273093665_112021-F.webp",
        "https://http2.mlstatic.com/D_NQ_NP_2X_674380-MPE48273055999_112021-F.webp",
        "https://http2.mlstatic.com/D_NQ_NP_2X_762042-MPE48273047749_112021-F.webp"
      ],
      "id": 10
    },
    {
      "idVendedor": 3,
      "descripcion": "Toyota Corolla 2017, unico dueño, full equipo, GLP, pestillos eléctricos, neblineros, GPS",
      "idMarca": 1,
      "marca": "Toyota",
      "modelo": "corolla",
      "categoria": "sedan",
      "añomfabricacion": "2016",
      "añomodelo": "2017",
      "kilometraje": "40000",
      "transmision": "mecánica",
      "combustible": "dual-glp",
      "cilindrada": "1800cc",
      "numeropuertas": 4,
      "color": "negro",
      "preciodolares": "16800",
      "autonuevo": false,
      "region": "Lima",
      "photos": [
        "https://http2.mlstatic.com/D_NQ_NP_2X_947634-MPE46467450498_062021-F.webp",
        "https://http2.mlstatic.com/D_NQ_NP_2X_700233-MPE46467471372_062021-F.webp",
        "https://http2.mlstatic.com/D_NQ_NP_2X_627853-MPE46467445493_062021-F.webp",
        "https://http2.mlstatic.com/D_NQ_NP_2X_907829-MPE46467469374_062021-F.webp",
        "https://http2.mlstatic.com/D_NQ_NP_2X_863239-MPE46467366988_062021-F.webp",
        "https://http2.mlstatic.com/D_NQ_NP_2X_988190-MPE46467506127_062021-F.webp"
      ],
      "id": 11
    },
    {
      "idVendedor": 3,
      "descripcion": "Toyota, asientos de cuero, único dueño, sensor y pantalla retroceso, aros 16 De aleacion",
      "idMarca": 1,
      "marca": "Toyota",
      "modelo": "corolla",
      "categoria": "sedan",
      "añomfabricacion": "2013",
      "añomodelo": "2013",
      "kilometraje": "95000",
      "transmision": "mecánica",
      "combustible": "gasolina",
      "cilindrada": "1600cc",
      "numeropuertas": 4,
      "color": "plateado",
      "preciodolares": "11390",
      "autonuevo": false,
      "region": "Lima",
      "photos": [
        "https://http2.mlstatic.com/D_NQ_NP_2X_981474-MPE47556185615_092021-F.webp",
        "https://http2.mlstatic.com/D_NQ_NP_2X_991307-MPE47556187584_092021-F.webp",
        "https://http2.mlstatic.com/D_NQ_NP_2X_672317-MPE47556292262_092021-F.webp",
        "https://http2.mlstatic.com/D_NQ_NP_2X_847297-MPE47556180650_092021-F.webp"
      ],
      "id": 12
    },
    {
      "idVendedor": 3,
      "descripcion": "Toyota Yaris blanco, en perfecto estado, sensor Retroceso, radio con pantalla tactil",
      "idMarca": 1,
      "marca": "Toyota",
      "modelo": "yaris",
      "categoria": "sedan",
      "añomfabricacion": "2018",
      "añomodelo": "2018",
      "kilometraje": "120000",
      "transmision": "automatica",
      "combustible": "gasolina",
      "cilindrada": "1300cc",
      "numeropuertas": 4,
      "color": "blanco",
      "preciodolares": "14800",
      "autonuevo": false,
      "region": "Lima",
      "photos": [
        "https://http2.mlstatic.com/D_NQ_NP_2X_983839-MPE48145212765_112021-F.webp",
        "https://http2.mlstatic.com/D_NQ_NP_2X_814575-MPE48145223453_112021-F.webp",
        "https://http2.mlstatic.com/D_NQ_NP_2X_900151-MPE48145202977_112021-F.webp",
        "https://http2.mlstatic.com/D_NQ_NP_2X_828524-MPE48145207877_112021-F.webp",
        "https://http2.mlstatic.com/D_NQ_NP_2X_806075-MPE48145212764_112021-F.webp",
        "https://http2.mlstatic.com/D_NQ_NP_2X_741872-MPE48145202974_112021-F.webp"
      ],
      "id": 13
    },
    {
      "idVendedor": 3,
      "descripcion": "Nissan Versa, 2019, muy buen estado, para uso particular, bluetooth, radio y GPS incluido",
      "idMarca": 3,
      "marca": "Nissan",
      "modelo": "Versa",
      "categoria": "sedan",
      "añomfabricacion": "2019",
      "añomodelo": "2019",
      "kilometraje": "42300",
      "transmision": "automatica",
      "combustible": "dual-glp",
      "cilindrada": "1600cc",
      "numeropuertas": 4,
      "color": "gris",
      "preciodolares": "10000",
      "autonuevo": false,
      "region": "Lima",
      "photos": [
        "https://http2.mlstatic.com/D_NQ_NP_2X_877525-MPE47745767953_102021-F.webp",
        "https://http2.mlstatic.com/D_NQ_NP_2X_686603-MPE47745774942_102021-F.webp",
        "https://http2.mlstatic.com/D_NQ_NP_2X_760046-MPE47745781931_102021-F.webp",
        "https://http2.mlstatic.com/D_NQ_NP_2X_808165-MPE47745857741_102021-F.webp",
        "https://http2.mlstatic.com/D_NQ_NP_2X_724862-MPE47745767977_102021-F.webp",
        "https://http2.mlstatic.com/D_NQ_NP_2X_695756-MPE47745992146_102021-F.webp"
      ],
      "id": 14
    },
    {
      "idVendedor": 3,
      "descripcion": "Nissan Sentra, 2008, 35,000 Km, full equipo, aire acondicionado. Automático, 2.0 lt, Gasolina",
      "idMarca": 3,
      "marca": "Nissan",
      "modelo": "Sentra",
      "categoria": "sedan",
      "añomfabricacion": "2019",
      "añomodelo": "2019",
      "kilometraje": "35000",
      "transmision": "automatica",
      "combustible": "dual-glp",
      "cilindrada": "1800cc",
      "numeropuertas": 4,
      "color": "rojo",
      "preciodolares": "12000",
      "autonuevo": false,
      "region": "Lima",
      "photos": [
        "https://http2.mlstatic.com/D_NQ_NP_2X_915153-MPE48404138698_122021-F.webp",
        "https://http2.mlstatic.com/D_NQ_NP_2X_904564-MPE48404168545_122021-F.webp",
        "https://http2.mlstatic.com/D_NQ_NP_2X_766111-MPE48404183486_122021-F.webp",
        "https://http2.mlstatic.com/D_NQ_NP_2X_687936-MPE48404159600_122021-F.webp",
        "https://http2.mlstatic.com/D_NQ_NP_2X_791049-MPE48404183489_122021-F.webp",
        "https://http2.mlstatic.com/D_NQ_NP_2X_939307-MPE48404166538_122021-F.webp"
      ],
      "id": 15
    },
    {
      "marca": "Toyota",
      "modelo": "Land Cruiser Prado",
      "categoria": "deportivo",
      "añomfabricacion": "2000",
      "añomodelo": "2000",
      "kilometraje": "65000",
      "transmision": "mecanica",
      "combustible": "gasolina",
      "cilindrada": "1300",
      "numeropuertas": "4",
      "color": "rojo",
      "preciodolares": "1350000",
      "region": "Junin",
      "photos": [
        "https://apollo-virginia.akamaized.net/v1/files/zr8cd6doe8o21-PE/image;s=780x0;q=60"
      ],
      "descripcion": "asdfasdfasdf",
      "autonuevo": false,
      "idVendedor": 4,
      "id": 16
    }
  ]
}